Date,Time,Open,High,Low,Close,Volume
2025-04-18,13:56:00,1.1382,1.13822,1.1382,1.13822,4
2025-04-18,13:57:00,,,,,2
2025-04-18,13:58:00,,,,,6
2025-04-18,14:00:00,1.13821,1.13822,1.13821,1.13822,2
2025-04-18,14:01:00,,,,,1
2025-04-18,14:02:00,1.13824,1.1383,1.13823,1.1383,7
2025-04-18,14:03:00,1.13833,1.13833,1.13833,1.13833,1
2025-04-18,14:04:00,1.13825,1.13876,1.13824,1.13866,30
2025-04-18,14:05:00,1.13868,1.13868,1.13863,1.13863,9
2025-04-18,14:06:00,1.1386,1.13867,1.13855,1.13855,11
2025-04-18,14:07:00,1.13857,1.13862,1.13854,1.13854,4
2025-04-18,14:08:00,1.1384,1.1384,1.1384,1.1384,1
2025-04-18,14:09:00,1.13842,1.13842,1.1384,1.1384,11
2025-04-18,14:10:00,,,,,11
2025-04-18,14:11:00,1.1389,1.1389,1.1384,1.1384,14
2025-04-18,14:12:00,1.13879,1.13882,1.1384,1.1384,60
2025-04-18,14:13:00,1.13877,1.13882,1.1384,1.1384,50
2025-04-18,14:14:00,1.13879,1.13883,1.1384,1.1384,24
2025-04-18,14:15:00,1.13883,1.13885,1.1384,1.1384,13
2025-04-18,14:16:00,1.13883,1.13883,1.13833,1.13833,7
2025-04-18,14:17:00,1.13837,1.13837,1.13837,1.13837,4
2025-04-18,14:18:00,,,,,1
2025-04-18,14:19:00,,,,,5
2025-04-18,14:20:00,1.1384,1.13843,1.1384,1.13843,4
2025-04-18,14:21:00,1.13877,1.13879,1.13843,1.13878,35
2025-04-18,14:22:00,1.13876,1.13882,1.13874,1.13881,183
2025-04-18,14:23:00,1.1388,1.13884,1.13843,1.13882,133
2025-04-18,14:24:00,1.13881,1.13883,1.13843,1.13843,77
2025-04-18,14:25:00,1.13876,1.13881,1.13823,1.1385,8
2025-04-18,14:26:00,,,,,2
2025-04-18,14:27:00,1.13853,1.13858,1.13853,1.13858,4
2025-04-18,14:29:00,1.13853,1.13875,1.13853,1.13875,13
2025-04-18,14:30:00,1.1388,1.1388,1.1388,1.1388,2
2025-04-18,14:31:00,1.13874,1.13874,1.13874,1.13874,2
2025-04-18,14:32:00,,,,,10
2025-04-18,14:33:00,1.13869,1.13869,1.13869,1.13869,1
2025-04-18,14:34:00,1.13872,1.13872,1.13872,1.13872,1
2025-04-18,14:35:00,1.13869,1.13881,1.13869,1.13875,37
2025-04-18,14:36:00,1.13872,1.13877,1.13872,1.13873,13
2025-04-18,14:37:00,1.13869,1.13872,1.13869,1.13872,7
2025-04-18,14:38:00,1.13867,1.13867,1.13867,1.13867,5
2025-04-18,14:39:00,1.13864,1.13864,1.13856,1.13856,14
2025-04-18,14:40:00,1.13859,1.13859,1.13859,1.13859,32
2025-04-18,14:41:00,1.13861,1.13862,1.13857,1.13858,17
2025-04-18,14:42:00,1.1385,1.1385,1.1385,1.1385,5
2025-04-18,14:43:00,1.13837,1.13837,1.13837,1.13837,2
2025-04-18,14:44:00,,,,,2
2025-04-18,14:47:00,1.13834,1.1384,1.13831,1.13835,27
2025-04-18,14:48:00,,,,,6
2025-04-18,14:49:00,1.13838,1.13841,1.13838,1.13841,4
2025-04-18,14:50:00,,,,,3
2025-04-18,14:51:00,1.13845,1.13845,1.13845,1.13845,3
2025-04-18,14:59:00,1.13848,1.13886,1.13848,1.13848,58
2025-04-18,15:00:00,1.13852,1.13882,1.13852,1.13881,4
2025-04-18,15:01:00,1.13883,1.13883,1.13852,1.13881,14
2025-04-18,15:02:00,1.13879,1.1388,1.13852,1.13852,6
2025-04-18,15:03:00,1.1384,1.1384,1.1384,1.1384,16
2025-04-18,15:04:00,1.13827,1.13827,1.13827,1.13827,1
2025-04-18,15:05:00,1.13847,1.13847,1.13827,1.13827,20
2025-04-18,15:06:00,1.13843,1.13846,1.13796,1.13846,19
2025-04-18,15:07:00,1.13844,1.1385,1.1382,1.1382,25
2025-04-18,15:08:00,1.13833,1.13845,1.1381,1.1381,43
2025-04-18,15:09:00,1.13836,1.13836,1.13808,1.13816,8
2025-04-18,15:10:00,1.1384,1.1384,1.13814,1.13822,9
2025-04-18,15:11:00,1.13842,1.13842,1.13822,1.13837,99
2025-04-18,15:12:00,1.13839,1.13842,1.13811,1.1382,46
2025-04-18,15:13:00,1.1383,1.1383,1.13818,1.13825,3
2025-04-18,15:17:00,1.13821,1.13821,1.13821,1.13821,1
2025-04-18,15:18:00,1.13841,1.13882,1.13837,1.1386,60
2025-04-18,15:19:00,1.13848,1.13848,1.13847,1.13847,2
2025-04-18,15:21:00,1.13864,1.13882,1.13864,1.13882,2
2025-04-18,15:22:00,1.13812,1.13853,1.13812,1.13832,45
2025-04-18,15:23:00,1.13826,1.13854,1.13826,1.13846,68
2025-04-18,15:24:00,1.13847,1.13855,1.13824,1.1385,90
2025-04-18,15:25:00,1.13854,1.13859,1.13839,1.13856,63
2025-04-18,15:26:00,1.13858,1.13872,1.13826,1.13836,128
2025-04-18,15:27:00,1.13839,1.13851,1.13831,1.13846,48
2025-04-18,15:28:00,1.13847,1.13864,1.13846,1.13855,53
2025-04-18,15:29:00,1.1386,1.13881,1.13848,1.13873,78
2025-04-18,15:30:00,1.13871,1.13871,1.13844,1.13866,37
2025-04-18,15:31:00,1.13865,1.13874,1.13851,1.13865,66
2025-04-18,15:32:00,1.13866,1.1388,1.13866,1.1388,23
2025-04-18,15:33:00,1.13861,1.13872,1.13814,1.13836,68
2025-04-18,15:34:00,1.13873,1.13875,1.13836,1.13873,26
2025-04-18,15:35:00,1.13874,1.13877,1.13829,1.13829,31
2025-04-18,15:36:00,,,,,2
2025-04-18,15:37:00,1.1382,1.13865,1.1382,1.13828,23
2025-04-18,15:38:00,1.13835,1.13835,1.13827,1.13827,8
2025-04-18,15:41:00,1.13815,1.13815,1.13815,1.13815,2
2025-04-18,15:42:00,1.13821,1.13827,1.13816,1.13816,14
2025-04-18,15:45:00,1.13825,1.13825,1.13813,1.13813,17
2025-04-18,15:46:00,1.13815,1.13815,1.13803,1.13803,27
2025-04-18,15:47:00,1.13819,1.1382,1.13803,1.13808,8
2025-04-18,15:49:00,1.13802,1.13825,1.13802,1.13802,15
2025-04-18,15:50:00,1.13843,1.13843,1.13806,1.13806,18
2025-04-18,15:51:00,1.13801,1.13804,1.13801,1.13804,4
2025-04-18,15:52:00,1.13798,1.13805,1.13798,1.13805,7
2025-04-18,15:53:00,1.13799,1.13803,1.13799,1.13803,2
2025-04-18,15:55:00,1.13823,1.13824,1.13803,1.13803,10
2025-04-18,15:56:00,1.13798,1.138,1.13795,1.138,4
2025-04-18,15:57:00,1.13803,1.13803,1.13803,1.13803,1
2025-04-18,15:58:00,1.13848,1.13849,1.13803,1.13803,13
2025-04-18,15:59:00,1.13805,1.13845,1.13805,1.13805,4
2025-04-18,16:00:00,1.13818,1.13825,1.13818,1.13825,3
2025-04-18,16:01:00,1.13828,1.13834,1.13828,1.13834,3
2025-04-18,16:02:00,1.13838,1.13838,1.13838,1.13838,2
2025-04-18,16:03:00,1.13852,1.13852,1.13852,1.13852,2
2025-04-18,16:04:00,1.13846,1.13852,1.13846,1.13848,5
2025-04-18,16:05:00,1.13845,1.13851,1.13845,1.13851,15
2025-04-18,16:06:00,1.13855,1.13868,1.13847,1.13864,25
2025-04-18,16:07:00,1.13866,1.13869,1.13866,1.13869,2
2025-04-18,16:09:00,1.13873,1.13881,1.13873,1.13881,3
2025-04-18,16:10:00,1.13884,1.13884,1.13884,1.13884,4
2025-04-18,16:16:00,1.13879,1.13882,1.13876,1.13876,14
2025-04-18,16:17:00,1.13881,1.13881,1.13874,1.13875,20
2025-04-18,16:18:00,1.1388,1.1388,1.13873,1.13874,46
2025-04-18,16:19:00,1.13873,1.13881,1.1386,1.13881,38
2025-04-18,16:20:00,1.13884,1.13885,1.13868,1.13871,17
2025-04-18,16:21:00,1.13872,1.13877,1.1387,1.13871,22
2025-04-18,16:22:00,1.13873,1.13876,1.13868,1.13873,47
2025-04-18,16:23:00,1.13871,1.13875,1.13867,1.13871,34
2025-04-18,16:24:00,1.13873,1.13894,1.1387,1.1388,87
2025-04-18,16:25:00,1.13881,1.13881,1.13856,1.13858,102
2025-04-18,16:26:00,1.13861,1.13862,1.13851,1.13861,386
2025-04-18,16:27:00,1.13856,1.13863,1.13853,1.13857,346
2025-04-18,16:28:00,1.13856,1.13874,1.13855,1.13865,247
2025-04-18,16:29:00,1.13861,1.13876,1.1386,1.13868,190
2025-04-18,16:30:00,1.13866,1.13872,1.13863,1.13867,286
2025-04-18,16:31:00,1.13865,1.1387,1.1386,1.13867,405
2025-04-18,16:32:00,1.13864,1.13867,1.1386,1.13865,427
2025-04-18,16:33:00,1.13867,1.13867,1.13859,1.13865,300
2025-04-18,16:34:00,1.13866,1.13869,1.1386,1.13866,430
2025-04-18,16:35:00,1.13877,1.13879,1.13861,1.13863,66
2025-04-18,16:36:00,1.13862,1.13866,1.13858,1.13861,108
2025-04-18,16:37:00,1.1386,1.13864,1.13856,1.1386,330
2025-04-18,16:38:00,1.13861,1.13871,1.13856,1.13868,163
2025-04-18,16:39:00,1.13866,1.13872,1.13866,1.13869,121
2025-04-18,16:40:00,1.13872,1.13874,1.13862,1.13869,205
2025-04-18,16:41:00,1.13866,1.13875,1.13864,1.13872,183
2025-04-18,16:42:00,1.13869,1.13875,1.13867,1.13869,153
2025-04-18,16:43:00,1.13872,1.13881,1.13868,1.13873,178
2025-04-18,16:44:00,1.13875,1.13877,1.1387,1.13874,167
2025-04-18,16:45:00,1.13877,1.13877,1.13867,1.13869,244
2025-04-18,16:46:00,1.13876,1.13887,1.13872,1.13882,106
2025-04-18,16:47:00,1.13879,1.13884,1.13876,1.13881,157
2025-04-18,16:48:00,1.13878,1.13887,1.13875,1.13882,129
2025-04-18,16:49:00,1.13883,1.13901,1.13882,1.13901,148
2025-04-18,16:50:00,1.13899,1.13907,1.13887,1.13904,240
2025-04-18,16:51:00,1.13908,1.13937,1.13906,1.13932,40
2025-04-18,16:52:00,1.1393,1.13939,1.1392,1.13932,55
2025-04-18,16:53:00,1.13937,1.1394,1.13929,1.13935,53
2025-04-18,16:54:00,1.13937,1.13942,1.13932,1.1394,41
2025-04-18,16:55:00,1.13943,1.13975,1.13939,1.13966,62
2025-04-18,16:56:00,1.13967,1.1399,1.13961,1.1399,12
2025-04-18,16:57:00,1.13993,1.13994,1.13989,1.13991,14
2025-04-18,16:58:00,1.13985,1.13988,1.13981,1.13983,12
2025-04-18,16:59:00,1.1398,1.13996,1.13976,1.13984,36
2025-04-18,17:00:00,1.13975,1.13975,1.13936,1.13936,187
2025-04-18,17:01:00,1.13939,1.13948,1.13935,1.13935,176
2025-04-18,17:02:00,1.13939,1.13942,1.13934,1.13937,245
2025-04-18,17:03:00,1.13939,1.1395,1.13919,1.13948,185
2025-04-18,17:04:00,1.13946,1.13955,1.13938,1.1395,91
2025-04-18,17:05:00,1.13949,1.13952,1.13942,1.13947,125
2025-04-18,17:06:00,1.13946,1.13948,1.13928,1.13933,57
2025-04-18,17:07:00,1.1393,1.13932,1.13918,1.13921,50
2025-04-18,17:08:00,1.1392,1.13921,1.13909,1.13916,38
2025-04-18,17:09:00,1.13914,1.13919,1.13897,1.13914,66
2025-04-18,17:10:00,1.13917,1.13917,1.13911,1.13916,8
2025-04-18,17:11:00,1.13914,1.13914,1.13892,1.13895,52
2025-04-18,17:12:00,1.13893,1.13908,1.13892,1.13902,55
2025-04-18,17:13:00,1.13904,1.13906,1.13904,1.13906,8
2025-04-18,17:14:00,1.13904,1.13908,1.139,1.13905,104
2025-04-18,17:15:00,1.13903,1.1392,1.13898,1.13899,104
2025-04-18,17:16:00,1.13901,1.13908,1.13894,1.13901,134
2025-04-18,17:17:00,1.13904,1.13911,1.13898,1.13908,72
2025-04-18,17:18:00,1.13906,1.13911,1.139,1.13901,130
2025-04-18,17:19:00,1.13899,1.13902,1.13897,1.13901,125
2025-04-18,17:20:00,1.13899,1.13908,1.13897,1.13906,132
2025-04-18,17:21:00,1.13903,1.1392,1.13902,1.13918,36
2025-04-18,17:22:00,1.1392,1.13922,1.13917,1.13919,16
2025-04-18,17:23:00,1.13917,1.13926,1.13912,1.13926,60
2025-04-18,17:24:00,1.13925,1.13927,1.13908,1.13918,44
2025-04-18,17:25:00,1.13921,1.13924,1.13914,1.13921,39
2025-04-18,17:26:00,1.13924,1.13927,1.13916,1.13925,35
2025-04-18,17:27:00,1.13924,1.13927,1.13913,1.13916,40
2025-04-18,17:28:00,1.1392,1.13923,1.13907,1.13909,44
2025-04-18,17:29:00,1.13906,1.13912,1.13901,1.13906,49
2025-04-18,17:30:00,1.13904,1.13909,1.13896,1.13899,66
2025-04-18,17:31:00,1.139,1.13903,1.13896,1.13899,154
2025-04-18,17:32:00,1.13897,1.13912,1.13897,1.13909,57
2025-04-18,17:33:00,1.13912,1.13912,1.13902,1.13906,47
2025-04-18,17:34:00,1.13908,1.13911,1.13906,1.1391,33
2025-04-18,17:35:00,1.13912,1.13916,1.13906,1.13908,56
2025-04-18,17:36:00,1.13907,1.13914,1.13903,1.13913,111
2025-04-18,17:37:00,1.13916,1.13923,1.13914,1.13921,13
2025-04-18,17:38:00,1.13922,1.13926,1.13921,1.13924,38
2025-04-18,17:39:00,1.13926,1.13931,1.13924,1.13929,32
2025-04-18,17:40:00,1.1393,1.1393,1.13926,1.13926,9
2025-04-18,17:41:00,1.13924,1.13927,1.13921,1.13924,126
2025-04-18,17:42:00,1.13923,1.13947,1.1392,1.13925,159
2025-04-18,17:43:00,1.13927,1.1395,1.13919,1.13941,96
2025-04-18,17:44:00,1.13942,1.13949,1.1394,1.13941,54
2025-04-18,17:45:00,1.13939,1.13944,1.13937,1.13943,83
2025-04-18,17:46:00,1.13945,1.13947,1.1394,1.13942,85
2025-04-18,17:47:00,1.13944,1.13945,1.13935,1.13939,119
2025-04-18,17:48:00,1.1394,1.1394,1.13933,1.13936,164
2025-04-18,17:49:00,1.13935,1.13942,1.13932,1.13942,205
2025-04-18,17:50:00,1.13945,1.13945,1.13939,1.13941,21
2025-04-18,17:51:00,1.13938,1.13942,1.13932,1.13932,61
2025-04-18,17:52:00,1.1393,1.13939,1.13928,1.13937,54
2025-04-18,17:53:00,1.13935,1.13936,1.13912,1.13929,80
2025-04-18,17:54:00,1.1393,1.13936,1.13913,1.13923,117
2025-04-18,17:55:00,1.13921,1.13933,1.13921,1.13933,36
2025-04-18,17:56:00,1.13931,1.13935,1.1393,1.13935,8
2025-04-18,17:57:00,1.13934,1.13937,1.13923,1.13936,17
2025-04-18,17:58:00,1.13938,1.13938,1.13936,1.13936,2
2025-04-18,17:59:00,1.1394,1.1394,1.13936,1.1394,5
2025-04-18,18:00:00,1.13939,1.13939,1.13926,1.13928,89
2025-04-18,18:01:00,1.13929,1.1393,1.13923,1.13926,155
2025-04-18,18:02:00,1.13927,1.1393,1.13921,1.13926,160
2025-04-18,18:03:00,1.13924,1.13924,1.13908,1.13915,120
2025-04-18,18:04:00,1.13908,1.13908,1.13888,1.13894,79
2025-04-18,18:05:00,1.13892,1.13903,1.13887,1.13896,41
2025-04-18,18:06:00,1.13895,1.13898,1.1389,1.13895,20
2025-04-18,18:07:00,1.13893,1.13895,1.13888,1.13892,122
2025-04-18,18:08:00,1.13893,1.13895,1.13887,1.13888,82
2025-04-18,18:09:00,1.13887,1.13895,1.13887,1.13888,78
2025-04-18,18:10:00,1.1389,1.13895,1.13884,1.13891,120
2025-04-18,18:11:00,1.1389,1.13893,1.13886,1.1389,158
2025-04-18,18:12:00,1.13891,1.13899,1.13887,1.13896,56
2025-04-18,18:13:00,1.13897,1.13905,1.13894,1.13901,29
2025-04-18,18:14:00,1.13903,1.13907,1.13899,1.13906,31
2025-04-18,18:15:00,1.13905,1.13935,1.13903,1.13928,31
2025-04-18,18:16:00,1.13927,1.13935,1.13918,1.13935,11
2025-04-18,18:17:00,1.13941,1.13941,1.13918,1.1392,39
2025-04-18,18:18:00,1.13925,1.13929,1.13923,1.13929,25
2025-04-18,18:19:00,1.13926,1.1393,1.13922,1.13922,31
2025-04-18,18:20:00,1.13924,1.1393,1.13921,1.13924,51
2025-04-18,18:21:00,1.13927,1.1393,1.13923,1.13928,50
2025-04-18,18:22:00,1.13926,1.13929,1.1392,1.1392,65
2025-04-18,18:23:00,1.13923,1.13928,1.1392,1.13928,61
2025-04-18,18:24:00,1.13925,1.13934,1.13921,1.13934,36
2025-04-18,18:25:00,1.1393,1.13938,1.13925,1.13938,20
2025-04-18,18:26:00,1.13945,1.13953,1.13943,1.13949,5
2025-04-18,18:27:00,1.13953,1.13953,1.13937,1.13946,4
2025-04-18,18:28:00,1.13931,1.13949,1.13929,1.13943,20
2025-04-18,18:29:00,1.13953,1.13953,1.13942,1.13944,12
2025-04-18,18:30:00,1.13939,1.13953,1.13939,1.13942,51
2025-04-18,18:31:00,1.13949,1.13949,1.13931,1.13941,12
2025-04-18,18:32:00,1.13939,1.1394,1.13932,1.13939,19
2025-04-18,18:33:00,1.13934,1.1394,1.13924,1.13924,57
2025-04-18,18:34:00,1.13926,1.1393,1.13917,1.13922,124
2025-04-18,18:35:00,1.13925,1.13942,1.13918,1.1394,34
2025-04-18,18:36:00,1.13938,1.13952,1.13938,1.13948,29
2025-04-18,18:37:00,1.13951,1.13954,1.13945,1.13945,16
2025-04-18,18:38:00,1.13942,1.13947,1.13942,1.13947,6
2025-04-18,18:39:00,1.13949,1.13956,1.13945,1.13949,23
2025-04-18,18:40:00,1.13947,1.13947,1.13941,1.13941,15
2025-04-18,18:41:00,1.13943,1.13944,1.13936,1.13939,27
2025-04-18,18:42:00,1.13942,1.13942,1.13937,1.13938,17
2025-04-18,18:43:00,1.1394,1.13942,1.13936,1.1394,25
2025-04-18,18:44:00,1.13942,1.13945,1.13938,1.13939,22
2025-04-18,18:45:00,1.13938,1.13948,1.13921,1.13921,31
2025-04-18,18:46:00,1.13918,1.1392,1.13915,1.13915,11
2025-04-18,18:47:00,1.13917,1.13922,1.13914,1.13922,19
2025-04-18,18:48:00,1.13923,1.13936,1.13923,1.13934,13
2025-04-18,18:49:00,1.1393,1.13935,1.1393,1.13935,3
2025-04-18,18:50:00,1.13933,1.13938,1.13933,1.13937,9
2025-04-18,18:51:00,1.13935,1.13937,1.13935,1.13937,12
2025-04-18,18:52:00,1.13935,1.13955,1.13935,1.13951,30
2025-04-18,18:53:00,1.13954,1.13961,1.13948,1.13957,18
2025-04-18,18:54:00,1.13958,1.13958,1.13951,1.13951,16
2025-04-18,18:55:00,1.13953,1.13957,1.13951,1.13951,9
2025-04-18,18:56:00,1.13954,1.13956,1.13951,1.13951,22
2025-04-18,18:57:00,1.13953,1.1396,1.13952,1.13956,10
2025-04-18,18:58:00,1.13959,1.1396,1.13956,1.1396,3
2025-04-18,18:59:00,1.13956,1.13958,1.13952,1.13952,4
2025-04-18,19:00:00,1.1396,1.1396,1.13952,1.13955,5
2025-04-18,19:01:00,1.1396,1.1396,1.13955,1.13955,2
2025-04-18,19:02:00,1.1396,1.1396,1.13944,1.13944,3
2025-04-18,19:03:00,1.13945,1.13945,1.13942,1.13943,13
2025-04-18,19:04:00,1.13944,1.13944,1.13937,1.1394,80
2025-04-18,19:05:00,1.13939,1.13939,1.13931,1.13934,109
2025-04-18,19:06:00,1.13935,1.13941,1.13934,1.13938,44
2025-04-18,19:07:00,1.1394,1.13945,1.13938,1.13944,29
2025-04-18,19:08:00,1.13945,1.13947,1.1394,1.13945,28
2025-04-18,19:09:00,1.13946,1.13949,1.13942,1.13947,15
2025-04-18,19:10:00,1.13945,1.13947,1.13935,1.1394,76
2025-04-18,19:11:00,1.13941,1.13954,1.13939,1.13944,30
2025-04-18,19:12:00,1.13948,1.13955,1.13932,1.13944,20
2025-04-18,19:13:00,1.1395,1.13951,1.13931,1.13931,96
2025-04-18,19:14:00,1.13932,1.1395,1.13931,1.13947,70
2025-04-18,19:15:00,1.13945,1.13947,1.13935,1.13937,9
2025-04-18,19:16:00,1.13935,1.13937,1.13931,1.13931,5
2025-04-18,19:17:00,1.13926,1.13933,1.13926,1.13931,8
2025-04-18,19:18:00,1.13929,1.13936,1.13929,1.13931,29
2025-04-18,19:19:00,1.13928,1.1393,1.13926,1.13928,13
2025-04-18,19:20:00,1.13926,1.13927,1.13925,1.13926,7
2025-04-18,19:21:00,1.13927,1.13928,1.13924,1.13927,18
2025-04-18,19:22:00,1.13925,1.13931,1.13925,1.13927,27
2025-04-18,19:23:00,1.13925,1.13927,1.13924,1.13925,23
2025-04-18,19:24:00,1.13926,1.13927,1.13924,1.13926,27
2025-04-18,19:25:00,1.13925,1.13928,1.13923,1.13927,28
2025-04-18,19:26:00,1.13926,1.13935,1.13926,1.13933,24
2025-04-18,19:27:00,1.13935,1.13961,1.13935,1.13958,37
2025-04-18,19:28:00,1.13954,1.13967,1.13947,1.13949,28
2025-04-18,19:29:00,1.13947,1.13957,1.13936,1.13936,46
2025-04-18,19:30:00,1.13934,1.13937,1.13927,1.13927,9
2025-04-18,19:31:00,1.13928,1.13936,1.13925,1.13928,27
2025-04-18,19:32:00,1.13927,1.13929,1.13923,1.13927,29
2025-04-18,19:33:00,1.13928,1.13928,1.13918,1.13922,26
2025-04-18,19:34:00,1.13923,1.13929,1.13921,1.13929,24
2025-04-18,19:35:00,1.1393,1.1393,1.13925,1.13926,12
2025-04-18,19:36:00,1.13929,1.13929,1.13925,1.13928,15
2025-04-18,19:37:00,1.13925,1.1393,1.13925,1.1393,15
2025-04-18,19:38:00,1.13929,1.13929,1.13924,1.13925,14
2025-04-18,19:39:00,1.13926,1.13927,1.13919,1.13921,8
2025-04-18,19:40:00,1.13919,1.13927,1.13919,1.13925,17
2025-04-18,19:41:00,1.13922,1.13925,1.13917,1.13919,22
2025-04-18,19:42:00,1.13918,1.1393,1.13918,1.1393,18
2025-04-18,19:43:00,1.13932,1.13936,1.13931,1.13934,17
2025-04-18,19:44:00,1.13935,1.13938,1.13927,1.13938,18
2025-04-18,19:45:00,1.13936,1.13936,1.13925,1.13929,22
2025-04-18,19:46:00,1.13931,1.13936,1.13929,1.1393,22
2025-04-18,19:47:00,1.13931,1.13933,1.13929,1.13931,17
2025-04-18,19:48:00,1.13933,1.13936,1.13929,1.13936,22
2025-04-18,19:49:00,1.13929,1.13939,1.13928,1.13933,26
2025-04-18,19:50:00,1.13931,1.13934,1.13928,1.1393,43
2025-04-18,19:51:00,1.13932,1.13934,1.13928,1.13928,24
2025-04-18,19:52:00,1.1393,1.13937,1.13929,1.13937,25
2025-04-18,19:53:00,1.13935,1.13937,1.13931,1.13936,17
2025-04-18,19:54:00,1.13934,1.13941,1.13934,1.13941,11
2025-04-18,19:55:00,1.1394,1.1394,1.13934,1.13934,3
2025-04-18,19:56:00,1.13937,1.1394,1.13933,1.13933,6
2025-04-18,19:57:00,1.13931,1.13933,1.1393,1.13931,5
2025-04-18,19:58:00,1.1394,1.1394,1.13931,1.13932,12
2025-04-18,19:59:00,1.13934,1.13937,1.13934,1.13935,5
2025-04-18,20:00:00,1.13933,1.13964,1.13933,1.13948,27
2025-04-18,20:01:00,1.13949,1.1397,1.13945,1.1397,49
2025-04-18,20:02:00,1.13966,1.13967,1.13943,1.13944,30
2025-04-18,20:03:00,1.13959,1.1396,1.13946,1.1396,13
2025-04-18,20:04:00,1.13958,1.13959,1.13955,1.13959,8
2025-04-18,20:05:00,1.13962,1.13964,1.13962,1.13964,4
2025-04-18,20:06:00,1.13953,1.13957,1.13948,1.13949,17
2025-04-18,20:07:00,1.13948,1.13955,1.13945,1.13949,30
2025-04-18,20:08:00,1.13951,1.13951,1.13922,1.13931,22
2025-04-18,20:09:00,1.13934,1.13948,1.13926,1.13944,45
2025-04-18,20:10:00,1.13943,1.13952,1.13943,1.1395,5
2025-04-18,20:11:00,1.13948,1.13952,1.13948,1.1395,8
2025-04-18,20:12:00,1.13947,1.1395,1.13947,1.1395,2
2025-04-18,20:13:00,1.13958,1.13958,1.1395,1.1395,3
2025-04-18,20:14:00,1.13958,1.13958,1.13951,1.13951,2
2025-04-18,20:15:00,1.13954,1.13958,1.13951,1.13958,3
2025-04-18,20:16:00,1.13951,1.13967,1.13951,1.13955,28
2025-04-18,20:17:00,1.13953,1.13958,1.13951,1.13953,5
2025-04-18,20:18:00,1.13958,1.13958,1.13953,1.13953,4
2025-04-18,20:19:00,1.13951,1.13954,1.13951,1.13954,4
2025-04-18,20:20:00,1.13957,1.13957,1.13954,1.13954,2
2025-04-18,20:21:00,1.13959,1.13959,1.13957,1.13957,2
2025-04-18,20:22:00,1.13962,1.13962,1.13955,1.13957,26
2025-04-18,20:23:00,1.13956,1.13958,1.13943,1.13944,44
2025-04-18,20:24:00,1.13959,1.13959,1.13942,1.13948,17
2025-04-18,20:25:00,1.13946,1.13963,1.13946,1.13946,16
2025-04-18,20:26:00,1.13949,1.13953,1.13947,1.1395,15
2025-04-18,20:27:00,1.13951,1.13952,1.13949,1.13952,18
2025-04-18,20:28:00,1.1395,1.13966,1.1395,1.13951,13
2025-04-18,20:29:00,1.13953,1.13953,1.1395,1.13951,40
2025-04-18,20:30:00,1.1395,1.13953,1.13946,1.1395,30
2025-04-18,20:31:00,1.13949,1.13952,1.13948,1.13952,19
2025-04-18,20:32:00,1.1395,1.1395,1.13946,1.13946,19
2025-04-18,20:33:00,1.13948,1.13953,1.13944,1.13953,40
2025-04-18,20:34:00,1.1395,1.13966,1.1395,1.13966,8
2025-04-18,20:35:00,1.13953,1.13963,1.13951,1.13957,11
2025-04-18,20:36:00,1.13955,1.13958,1.13955,1.13958,7
2025-04-18,20:37:00,1.13962,1.13962,1.13952,1.1396,14
2025-04-18,20:38:00,1.13964,1.13964,1.1395,1.13952,21
2025-04-18,20:39:00,1.13954,1.13956,1.13951,1.13953,19
2025-04-18,20:40:00,1.13951,1.13959,1.1395,1.13956,24
2025-04-18,20:41:00,1.13959,1.13959,1.13952,1.13958,12
2025-04-18,20:42:00,1.13955,1.1396,1.13955,1.1396,11
2025-04-18,20:43:00,1.13957,1.13957,1.13954,1.13955,8
2025-04-18,20:44:00,1.13952,1.13954,1.1395,1.1395,29
2025-04-18,20:45:00,1.13952,1.13955,1.1395,1.13952,10
2025-04-18,20:46:00,1.13953,1.13956,1.13947,1.13956,29
2025-04-18,20:47:00,1.13953,1.13966,1.13953,1.13966,13
2025-04-18,20:48:00,1.13963,1.13964,1.13957,1.13958,13
2025-04-18,20:49:00,1.13961,1.13961,1.13955,1.13958,8
2025-04-18,20:50:00,1.13955,1.13962,1.13955,1.13959,14
2025-04-18,20:51:00,1.13957,1.13957,1.13953,1.13956,13
2025-04-18,20:52:00,1.13953,1.13956,1.13948,1.13952,19
2025-04-18,20:53:00,1.1395,1.13953,1.13944,1.13944,67
2025-04-18,20:54:00,1.13945,1.1395,1.1394,1.1394,29
2025-04-18,20:55:00,1.13937,1.13942,1.13931,1.1394,72
2025-04-18,20:56:00,1.13942,1.13948,1.13942,1.13945,10
2025-04-18,20:57:00,1.13946,1.13951,1.13942,1.13948,6
2025-04-18,20:58:00,1.13949,1.1395,1.13949,1.1395,4
2025-04-18,20:59:00,1.13949,1.13957,1.13949,1.13957,8
2025-04-18,21:00:00,1.13954,1.13956,1.13954,1.13956,3
2025-04-18,21:01:00,1.13955,1.13955,1.13953,1.13953,3
2025-04-18,21:02:00,1.13957,1.13967,1.13956,1.13956,12
2025-04-18,21:03:00,1.13955,1.13955,1.13955,1.13955,9
2025-04-18,21:04:00,1.13956,1.13964,1.13955,1.13964,6
2025-04-18,21:05:00,1.13966,1.13966,1.13966,1.13966,3
2025-04-18,21:06:00,,,,,2
2025-04-18,21:07:00,,,,,2
2025-04-18,21:08:00,,,,,1
2025-04-18,21:09:00,1.13964,1.13966,1.13964,1.13966,2
2025-04-18,21:10:00,1.13965,1.13966,1.13965,1.13966,2
2025-04-18,21:11:00,1.13965,1.13965,1.13962,1.13962,4
2025-04-18,21:12:00,1.1396,1.13962,1.1396,1.13962,2
2025-04-18,21:13:00,1.1396,1.13962,1.1396,1.13962,2
2025-04-18,21:14:00,1.1396,1.13962,1.1396,1.13962,2
2025-04-18,21:15:00,1.1396,1.13963,1.1396,1.13963,2
2025-04-18,21:16:00,1.1396,1.13963,1.1396,1.1396,3
2025-04-18,21:17:00,1.13963,1.13963,1.1396,1.1396,2
2025-04-18,21:18:00,1.13963,1.13963,1.13963,1.13963,1
2025-04-18,21:19:00,1.1396,1.13963,1.1396,1.1396,3
2025-04-18,21:20:00,1.13963,1.13963,1.13963,1.13963,2
2025-04-18,21:21:00,1.1396,1.13963,1.1396,1.13963,3
2025-04-18,21:22:00,1.1396,1.13965,1.1396,1.13965,5
2025-04-18,21:23:00,1.13964,1.13964,1.13963,1.13963,5
2025-04-18,21:24:00,1.13964,1.13964,1.13963,1.13963,2
2025-04-18,21:25:00,1.13964,1.13964,1.13964,1.13964,3
2025-04-18,21:26:00,1.13963,1.13964,1.13963,1.13964,2
2025-04-18,21:27:00,1.13963,1.13965,1.13951,1.13963,9
2025-04-18,21:28:00,1.13965,1.13966,1.13963,1.13963,6
2025-04-18,21:29:00,1.13966,1.13966,1.13963,1.13963,4
2025-04-18,21:30:00,1.13965,1.13965,1.13962,1.13962,4
2025-04-18,21:31:00,1.13963,1.13964,1.13962,1.13963,4
2025-04-18,21:32:00,1.13962,1.13964,1.13962,1.13964,4
2025-04-18,21:33:00,1.13966,1.13975,1.13966,1.13973,8
2025-04-18,21:34:00,1.13972,1.13972,1.13967,1.13968,5
2025-04-18,21:35:00,1.13969,1.13969,1.13967,1.13967,3
2025-04-18,21:36:00,1.13969,1.13969,1.13968,1.13968,3
2025-04-18,21:37:00,1.13967,1.13969,1.13967,1.13969,3
2025-04-18,21:38:00,1.13968,1.13971,1.13958,1.13959,17
2025-04-18,21:39:00,1.13972,1.13972,1.13953,1.13959,23
2025-04-18,21:40:00,1.1396,1.13961,1.13958,1.1396,13
2025-04-18,21:41:00,1.13966,1.13966,1.13951,1.13951,5
2025-04-18,21:42:00,1.13948,1.13966,1.13948,1.13964,15
2025-04-18,21:43:00,1.13966,1.13966,1.13966,1.13966,2
2025-04-18,21:44:00,1.13964,1.13966,1.13964,1.13964,3
2025-04-18,21:45:00,1.13966,1.13966,1.13964,1.13964,2
2025-04-18,21:46:00,1.13965,1.13965,1.13958,1.13958,3
2025-04-18,21:47:00,1.13962,1.13966,1.1396,1.1396,6
2025-04-18,21:48:00,1.13963,1.13965,1.13961,1.13964,6
2025-04-18,21:49:00,1.13965,1.13965,1.13964,1.13964,2
2025-04-18,21:50:00,1.13965,1.13972,1.13965,1.13967,12
2025-04-18,21:51:00,1.13988,1.13988,1.13966,1.13966,2
2025-04-18,21:52:00,1.13992,1.13992,1.13967,1.13967,3
2025-04-18,21:53:00,1.13969,1.1397,1.13953,1.13958,19
2025-04-18,21:54:00,1.1396,1.1396,1.13954,1.13958,12
2025-04-18,21:55:00,1.13959,1.13959,1.13951,1.13959,3
2025-04-18,21:56:00,1.1396,1.13961,1.13956,1.13961,12
2025-04-18,21:57:00,1.13955,1.13961,1.13955,1.13961,4
2025-04-18,21:58:00,1.13955,1.13961,1.13955,1.13961,5
2025-04-18,21:59:00,1.1396,1.13961,1.13955,1.13961,13
2025-04-18,22:00:00,1.13963,1.13963,1.13958,1.13963,9
2025-04-18,22:01:00,1.13958,1.13961,1.13958,1.13961,2
2025-04-18,22:02:00,1.13958,1.13963,1.13958,1.13963,9
2025-04-18,22:03:00,1.13958,1.1396,1.13954,1.13958,10
2025-04-18,22:04:00,1.13957,1.1396,1.13954,1.13954,7
2025-04-18,22:05:00,1.13958,1.13958,1.13926,1.13929,63
2025-04-18,22:06:00,1.13927,1.13929,1.13916,1.13922,38
2025-04-18,22:07:00,1.13923,1.13927,1.13917,1.13925,121
2025-04-18,22:08:00,1.13926,1.13927,1.13917,1.13922,105
2025-04-18,22:09:00,1.13923,1.13926,1.13919,1.13925,74
2025-04-18,22:10:00,1.13926,1.13933,1.13925,1.13931,50
2025-04-18,22:11:00,1.1393,1.13938,1.1393,1.13935,29
2025-04-18,22:12:00,1.13934,1.13935,1.13932,1.13934,17
2025-04-18,22:13:00,1.13936,1.13936,1.13934,1.13935,6
2025-04-18,22:14:00,1.13936,1.1394,1.13936,1.13936,34
2025-04-18,22:15:00,1.13935,1.13937,1.13932,1.13934,24
2025-04-18,22:16:00,1.13935,1.13935,1.13928,1.13931,27
2025-04-18,22:17:00,1.13932,1.13932,1.13931,1.13932,5
2025-04-18,22:18:00,1.13931,1.13935,1.13929,1.13935,15
2025-04-18,22:19:00,1.13933,1.13934,1.13932,1.13934,9
2025-04-18,22:20:00,1.13931,1.13933,1.1393,1.13933,20
2025-04-18,22:21:00,1.13935,1.13935,1.13926,1.1393,12
2025-04-18,22:22:00,1.13942,1.13948,1.1394,1.13947,7
2025-04-18,22:23:00,1.13941,1.13944,1.13935,1.13943,7
2025-04-18,22:24:00,1.13941,1.13953,1.13937,1.13953,17
2025-04-18,22:25:00,1.13957,1.13969,1.13957,1.13964,15
2025-04-18,22:26:00,1.13963,1.13965,1.1395,1.13955,18
2025-04-18,22:27:00,1.13958,1.13968,1.13956,1.13961,5
2025-04-18,22:28:00,1.13969,1.13969,1.13961,1.13961,3
2025-04-18,22:29:00,1.13966,1.1397,1.13966,1.13969,3
2025-04-18,22:30:00,1.1396,1.13968,1.13957,1.13965,23
2025-04-18,22:31:00,1.13974,1.1398,1.13969,1.1398,8
2025-04-18,22:32:00,1.13976,1.13981,1.13969,1.13981,3
2025-04-18,22:33:00,1.13969,1.13969,1.1395,1.1395,15
2025-04-18,22:34:00,1.13945,1.1396,1.13945,1.1396,8
2025-04-18,22:35:00,1.13959,1.13964,1.13959,1.13959,8
2025-04-18,22:36:00,1.13972,1.13972,1.13964,1.13969,6
2025-04-18,22:37:00,1.1397,1.1397,1.13969,1.13969,2
2025-04-18,22:38:00,1.13951,1.13956,1.1395,1.13955,25
2025-04-18,22:39:00,1.13953,1.13962,1.13953,1.13957,23
2025-04-18,22:40:00,1.13958,1.13958,1.13958,1.13958,1
2025-04-18,22:41:00,1.13949,1.1395,1.13949,1.13949,3
2025-04-18,22:42:00,1.1395,1.13967,1.13944,1.13953,16
2025-04-18,22:43:00,1.13958,1.1396,1.13935,1.13951,24
2025-04-18,22:44:00,1.13952,1.13953,1.13949,1.13953,11
2025-04-18,22:45:00,1.13955,1.13985,1.1395,1.13952,20
2025-04-18,22:46:00,1.13953,1.13965,1.13952,1.13961,14
2025-04-18,22:47:00,1.13964,1.13964,1.13955,1.13955,24
2025-04-18,22:48:00,1.13954,1.13955,1.13953,1.13955,13
2025-04-18,22:49:00,1.13957,1.13957,1.13955,1.13955,35
2025-04-18,22:50:00,1.13958,1.13958,1.13954,1.13954,39
2025-04-18,22:51:00,1.13958,1.13958,1.13948,1.1395,19
2025-04-18,22:52:00,1.13948,1.1395,1.13948,1.13948,7
2025-04-18,22:53:00,1.1395,1.1395,1.13948,1.13948,4
2025-04-18,22:54:00,1.1395,1.13951,1.13948,1.13951,7
2025-04-18,22:55:00,1.13954,1.13956,1.13954,1.13954,5
2025-04-18,22:56:00,1.13958,1.13958,1.13958,1.13958,1
2025-04-18,22:57:00,1.13969,1.1397,1.13968,1.13968,4
2025-04-20,22:00:00,1.14022,1.14022,1.1396,1.1396,2
2025-04-20,22:02:00,1.14003,1.14003,1.14003,1.14003,1
2025-04-20,22:03:00,1.14002,1.14006,1.14002,1.14006,3
2025-04-20,22:04:00,1.13998,1.14006,1.13966,1.14006,4
2025-04-20,22:06:00,1.13998,1.13998,1.13998,1.13998,1
2025-04-20,22:07:00,1.14006,1.14006,1.14006,1.14006,1
2025-04-20,22:08:00,1.14002,1.14002,1.14002,1.14002,1
2025-04-20,22:10:00,1.13998,1.13998,1.13998,1.13998,1
2025-04-20,22:12:00,1.13997,1.13998,1.13997,1.13998,2
2025-04-20,22:13:00,1.13997,1.13997,1.13959,1.13959,2
2025-04-20,22:18:00,1.14034,1.14034,1.14034,1.14034,1
2025-04-20,22:20:00,1.14001,1.14011,1.13957,1.14007,6
2025-04-20,22:21:00,1.14011,1.14011,1.14007,1.14007,5
2025-04-20,22:22:00,1.14006,1.14006,1.14004,1.14004,3
2025-04-20,22:23:00,1.14003,1.14003,1.14001,1.14001,4
2025-04-20,22:24:00,1.14,1.14003,1.14,1.14003,2
2025-04-20,22:25:00,1.14002,1.14002,1.14002,1.14002,1
2025-04-20,22:26:00,1.14001,1.14001,1.14001,1.14001,1
2025-04-20,22:27:00,1.14,1.14001,1.14,1.14001,2
2025-04-20,22:28:00,1.14,1.14,1.14,1.14,1
2025-04-20,22:30:00,1.13998,1.1401,1.13998,1.1401,3
2025-04-20,22:31:00,1.14009,1.14009,1.14009,1.14009,1
2025-04-20,22:35:00,1.14023,1.14024,1.14023,1.14024,2
2025-04-20,22:36:00,1.14009,1.14009,1.14009,1.14009,1
2025-04-20,22:39:00,1.14025,1.14026,1.14023,1.14026,3
2025-04-20,22:44:00,1.14009,1.14009,1.13981,1.13982,3
2025-04-20,22:45:00,1.13997,1.13997,1.13997,1.13997,1
2025-04-20,22:47:00,1.13999,1.13999,1.13999,1.13999,1
2025-04-20,22:48:00,1.13986,1.13999,1.13986,1.13999,2
2025-04-20,22:49:00,1.13997,1.13997,1.13997,1.13997,1
2025-04-20,22:52:00,1.13999,1.13999,1.13999,1.13999,1
2025-04-20,22:55:00,1.14002,1.14012,1.14002,1.14012,2
2025-04-20,22:56:00,1.14001,1.14001,1.14001,1.14001,1
2025-04-20,22:57:00,1.14003,1.14003,1.14,1.14,3
2025-04-20,22:59:00,1.14007,1.14007,1.14002,1.14002,3
2025-04-20,23:00:00,1.14004,1.14007,1.14004,1.14004,3
2025-04-20,23:01:00,1.13993,1.13993,1.13983,1.13983,2
2025-04-20,23:02:00,1.13993,1.13993,1.13986,1.13986,2
2025-04-20,23:03:00,1.13993,1.13993,1.13986,1.13986,3
2025-04-20,23:04:00,1.13993,1.13993,1.1399,1.13991,4
2025-04-20,23:05:00,1.1399,1.1399,1.1399,1.1399,3
2025-04-20,23:06:00,1.13999,1.14,1.13992,1.14,3
2025-04-20,23:07:00,1.13992,1.14001,1.13992,1.14001,3
2025-04-20,23:08:00,1.13996,1.13996,1.13989,1.13989,2
2025-04-20,23:09:00,1.14003,1.14003,1.13989,1.13989,2
2025-04-20,23:10:00,1.13995,1.14002,1.13989,1.14002,4
2025-04-20,23:11:00,1.13998,1.14033,1.13998,1.14029,17
2025-04-20,23:12:00,1.14065,1.14073,1.1403,1.14049,19
2025-04-20,23:13:00,1.14055,1.14066,1.14046,1.14055,11
2025-04-20,23:14:00,1.14056,1.1408,1.14015,1.1403,40
2025-04-20,23:15:00,1.14029,1.14101,1.14029,1.141,29
2025-04-20,23:16:00,1.14097,1.141,1.14028,1.14036,37
2025-04-20,23:17:00,1.14034,1.14035,1.14015,1.14026,7
2025-04-20,23:18:00,1.14033,1.14033,1.14005,1.14022,13
2025-04-20,23:19:00,1.14025,1.14028,1.14019,1.14025,7
2025-04-20,23:20:00,1.14026,1.14054,1.14026,1.14031,12
2025-04-20,23:21:00,1.14028,1.14033,1.14028,1.14028,6
2025-04-20,23:22:00,1.14029,1.14042,1.14029,1.14042,2
2025-04-20,23:23:00,1.14031,1.14042,1.14031,1.14042,3
2025-04-20,23:24:00,1.14045,1.14045,1.14032,1.14042,9
2025-04-20,23:25:00,1.14032,1.14095,1.14032,1.14093,29
2025-04-20,23:26:00,1.14094,1.14112,1.1407,1.14089,30
2025-04-20,23:27:00,1.14083,1.14102,1.14075,1.14078,13
2025-04-20,23:28:00,1.14104,1.14107,1.14073,1.14073,26
2025-04-20,23:29:00,1.14071,1.14148,1.14071,1.14145,21
2025-04-20,23:30:00,1.14141,1.14148,1.14126,1.14143,27
2025-04-20,23:31:00,1.14138,1.14186,1.14134,1.14184,38
2025-04-20,23:32:00,1.14182,1.14189,1.14118,1.14133,29
2025-04-20,23:33:00,1.14128,1.14188,1.14128,1.14172,33
2025-04-20,23:34:00,1.14153,1.14176,1.14151,1.14167,21
2025-04-20,23:35:00,1.1416,1.14225,1.14157,1.14186,32
2025-04-20,23:36:00,1.14181,1.14227,1.14181,1.14227,25
2025-04-20,23:37:00,1.14226,1.14228,1.14081,1.14107,42
2025-04-20,23:38:00,1.14109,1.14121,1.14069,1.1409,32
2025-04-20,23:39:00,1.14121,1.14241,1.14121,1.14239,32
2025-04-20,23:40:00,1.14229,1.1424,1.1422,1.14239,17
2025-04-20,23:41:00,1.14227,1.14235,1.14226,1.14232,11
2025-04-20,23:42:00,1.14231,1.14237,1.14224,1.14224,9
2025-04-20,23:43:00,1.14237,1.14266,1.14084,1.14084,38
2025-04-20,23:44:00,1.14085,1.14169,1.14057,1.14139,67
2025-04-20,23:45:00,1.14183,1.14214,1.14148,1.1418,21
2025-04-20,23:46:00,1.14193,1.14211,1.14178,1.14189,18
2025-04-20,23:47:00,1.14188,1.14255,1.14185,1.14255,30
2025-04-20,23:48:00,1.14252,1.14261,1.14233,1.14233,23
2025-04-20,23:49:00,1.14225,1.14244,1.14224,1.14234,24
2025-04-20,23:50:00,1.14224,1.14242,1.14224,1.14242,4
2025-04-20,23:51:00,1.14226,1.14276,1.14064,1.14069,42
2025-04-20,23:52:00,1.14109,1.14264,1.14051,1.14055,73
2025-04-20,23:53:00,1.14054,1.142,1.14054,1.14176,67
2025-04-20,23:54:00,1.14177,1.14189,1.14129,1.14163,42
2025-04-20,23:55:00,1.14161,1.14178,1.14137,1.14167,34
2025-04-20,23:56:00,1.14198,1.14218,1.14188,1.14195,25
2025-04-20,23:57:00,1.14194,1.14225,1.14115,1.14225,33
2025-04-20,23:58:00,1.1421,1.14222,1.14101,1.14199,37
2025-04-20,23:59:00,1.14218,1.14284,1.14144,1.14145,148
2025-04-21,00:00:00,1.1414,1.1414,1.14009,1.14011,193
2025-04-21,00:01:00,1.14001,1.14058,1.13968,1.1397,92
2025-04-21,00:02:00,1.13971,1.14078,1.13971,1.14074,127
2025-04-21,00:03:00,1.14073,1.14087,1.14025,1.1403,84
2025-04-21,00:04:00,1.14032,1.14108,1.14032,1.14081,91
2025-04-21,00:05:00,1.14078,1.14268,1.14078,1.14252,118
2025-04-21,00:06:00,1.14236,1.14319,1.14236,1.14309,103
2025-04-21,00:07:00,1.14313,1.14313,1.1429,1.14309,70
2025-04-21,00:08:00,1.1431,1.14316,1.14268,1.14272,69
2025-04-21,00:09:00,1.14275,1.14298,1.14261,1.14286,64
2025-04-21,00:10:00,1.14284,1.14309,1.14278,1.143,94
2025-04-21,00:11:00,1.14299,1.14311,1.14292,1.14292,72
2025-04-21,00:12:00,1.14301,1.14306,1.14262,1.14268,79
2025-04-21,00:13:00,1.14267,1.1427,1.14228,1.1423,63
2025-04-21,00:14:00,1.14229,1.14235,1.14172,1.14204,62
2025-04-21,00:15:00,1.14196,1.14211,1.14195,1.14208,63
2025-04-21,00:16:00,1.14211,1.14239,1.14186,1.14199,44
2025-04-21,00:17:00,1.14202,1.14294,1.14197,1.14286,83
2025-04-21,00:18:00,1.14287,1.14287,1.14269,1.14271,49
2025-04-21,00:19:00,1.14269,1.14276,1.14267,1.14268,44
2025-04-21,00:20:00,1.1427,1.14284,1.14265,1.14281,79
2025-04-21,00:21:00,1.14283,1.14292,1.14272,1.14276,97
2025-04-21,00:22:00,1.14269,1.14352,1.14268,1.14325,129
2025-04-21,00:23:00,1.14326,1.14348,1.14313,1.14326,88
2025-04-21,00:24:00,1.14324,1.14398,1.14323,1.14382,119
2025-04-21,00:25:00,1.1438,1.14382,1.14333,1.14351,76
2025-04-21,00:26:00,1.14349,1.1435,1.14293,1.14306,69
2025-04-21,00:27:00,1.14313,1.14317,1.14246,1.14261,69
2025-04-21,00:28:00,1.14258,1.14258,1.14237,1.14247,42
2025-04-21,00:29:00,1.14252,1.14256,1.14225,1.14225,40
2025-04-21,00:30:00,1.14227,1.14255,1.14216,1.14253,64
2025-04-21,00:31:00,1.14249,1.14293,1.14248,1.14279,51
2025-04-21,00:32:00,1.14283,1.14293,1.14277,1.14282,54
2025-04-21,00:33:00,1.14279,1.14287,1.14256,1.14283,50
2025-04-21,00:34:00,1.14284,1.14284,1.14278,1.14283,29
2025-04-21,00:35:00,1.14282,1.14283,1.14257,1.14257,55
2025-04-21,00:36:00,1.1426,1.14266,1.14235,1.14235,43
2025-04-21,00:37:00,1.14237,1.14238,1.1421,1.14215,44
2025-04-21,00:38:00,1.14213,1.14248,1.14209,1.14246,35
2025-04-21,00:39:00,1.14245,1.14265,1.14241,1.14255,29
2025-04-21,00:40:00,1.14254,1.14265,1.14229,1.14236,56
2025-04-21,00:41:00,1.14239,1.14241,1.14214,1.14241,47
2025-04-21,00:42:00,1.14237,1.14261,1.14189,1.14255,76
2025-04-21,00:43:00,1.14256,1.14284,1.14256,1.1428,32
2025-04-21,00:44:00,1.14282,1.1431,1.14282,1.14307,42
2025-04-21,00:45:00,1.14309,1.1433,1.14306,1.1432,64
2025-04-21,00:46:00,1.14321,1.14323,1.14304,1.14307,28
2025-04-21,00:47:00,1.14309,1.14324,1.14307,1.14315,25
2025-04-21,00:48:00,1.14316,1.14334,1.14313,1.14332,44
2025-04-21,00:49:00,1.14331,1.14335,1.14316,1.14321,41
2025-04-21,00:50:00,1.14319,1.14335,1.14319,1.14332,31
2025-04-21,00:51:00,1.14335,1.14355,1.14332,1.14352,44
2025-04-21,00:52:00,1.14353,1.14375,1.14347,1.14375,56
2025-04-21,00:53:00,1.14379,1.1438,1.1437,1.14372,37
2025-04-21,00:54:00,1.14367,1.14371,1.14364,1.14369,45
2025-04-21,00:55:00,1.14368,1.14384,1.14367,1.14379,58
2025-04-21,00:56:00,1.14378,1.1438,1.14313,1.14314,72
2025-04-21,00:57:00,1.14313,1.14313,1.14264,1.14282,84
2025-04-21,00:58:00,1.14277,1.14328,1.14273,1.14321,96
2025-04-21,00:59:00,1.14342,1.1435,1.14333,1.14338,94
2025-04-21,01:00:00,1.14345,1.14376,1.1434,1.14376,99
2025-04-21,01:01:00,1.14378,1.14378,1.14363,1.14363,57
2025-04-21,01:02:00,1.14362,1.14369,1.14354,1.14357,56
2025-04-21,01:03:00,1.14363,1.14368,1.14347,1.14365,58
2025-04-21,01:04:00,1.14369,1.14405,1.14366,1.144,142
2025-04-21,01:05:00,1.14405,1.14416,1.14362,1.14378,91
2025-04-21,01:06:00,1.1438,1.14386,1.14367,1.14381,48
2025-04-21,01:07:00,1.14382,1.14388,1.1437,1.14373,50
2025-04-21,01:08:00,1.14374,1.14395,1.14373,1.14388,23
2025-04-21,01:09:00,1.14387,1.14398,1.14379,1.1439,52
2025-04-21,01:10:00,1.14389,1.14417,1.14389,1.14399,81
2025-04-21,01:11:00,1.144,1.14402,1.14368,1.14386,111
2025-04-21,01:12:00,1.14391,1.14392,1.14376,1.1438,30
2025-04-21,01:13:00,1.14378,1.14384,1.14361,1.14366,80
2025-04-21,01:14:00,1.14367,1.14407,1.14365,1.14393,72
2025-04-21,01:15:00,1.14392,1.144,1.14384,1.14396,62
2025-04-21,01:16:00,1.14397,1.14441,1.14393,1.14418,103
2025-04-21,01:17:00,1.14417,1.14427,1.14406,1.14416,77
2025-04-21,01:18:00,1.14417,1.14425,1.14409,1.14417,58
2025-04-21,01:19:00,1.14416,1.14425,1.14412,1.14419,40
2025-04-21,01:20:00,1.14418,1.14427,1.14408,1.14408,51
2025-04-21,01:21:00,1.14407,1.14428,1.14392,1.1442,67
2025-04-21,01:22:00,1.14419,1.14433,1.14415,1.14423,60
2025-04-21,01:23:00,1.14422,1.14423,1.14401,1.14407,37
2025-04-21,01:24:00,1.14401,1.14427,1.144,1.14425,72
2025-04-21,01:25:00,1.14427,1.14427,1.14388,1.14397,90
2025-04-21,01:26:00,1.14398,1.14399,1.1436,1.1437,57
2025-04-21,01:27:00,1.14369,1.14393,1.14361,1.14393,45
2025-04-21,01:28:00,1.14394,1.14432,1.14394,1.14431,60
2025-04-21,01:29:00,1.1443,1.14431,1.144,1.14408,78
2025-04-21,01:30:00,1.14413,1.14432,1.14407,1.14407,76
2025-04-21,01:31:00,1.14408,1.14424,1.14407,1.14424,37
2025-04-21,01:32:00,1.14425,1.1447,1.14415,1.1442,86
2025-04-21,01:33:00,1.14417,1.14475,1.14417,1.1445,119
2025-04-21,01:34:00,1.14451,1.14479,1.14444,1.14477,101
2025-04-21,01:35:00,1.14476,1.14488,1.14472,1.14478,47
2025-04-21,01:36:00,1.1448,1.14501,1.14475,1.14492,64
2025-04-21,01:37:00,1.14493,1.14503,1.14484,1.145,85
2025-04-21,01:38:00,1.14493,1.145,1.1449,1.14496,35
2025-04-21,01:39:00,1.14494,1.14499,1.14485,1.14489,22
2025-04-21,01:40:00,1.14488,1.14507,1.14488,1.14504,43
2025-04-21,01:41:00,1.14501,1.14502,1.14476,1.14487,54
2025-04-21,01:42:00,1.14488,1.14504,1.14485,1.14501,34
2025-04-21,01:43:00,1.14497,1.145,1.14475,1.14482,49
2025-04-21,01:44:00,1.14483,1.14492,1.14481,1.14486,34
2025-04-21,01:45:00,1.14487,1.14504,1.14475,1.14477,57
2025-04-21,01:46:00,1.14473,1.14498,1.14467,1.14477,49
2025-04-21,01:47:00,1.14472,1.14492,1.14456,1.14492,42
2025-04-21,01:48:00,1.14497,1.14545,1.14482,1.14538,81
2025-04-21,01:49:00,1.1454,1.14551,1.14535,1.1454,55
2025-04-21,01:50:00,1.14548,1.14591,1.14545,1.14565,62
2025-04-21,01:51:00,1.14564,1.1458,1.14547,1.14576,46
2025-04-21,01:52:00,1.14577,1.14582,1.14563,1.14576,63
2025-04-21,01:53:00,1.14573,1.14574,1.14545,1.14545,33
2025-04-21,01:54:00,1.14544,1.14544,1.14506,1.14518,71
2025-04-21,01:55:00,1.14519,1.14522,1.14478,1.14484,82
2025-04-21,01:56:00,1.14489,1.14521,1.14489,1.14515,46
2025-04-21,01:57:00,1.1451,1.14513,1.14492,1.14497,45
2025-04-21,01:58:00,1.14486,1.14501,1.14468,1.14469,40
2025-04-21,01:59:00,1.1447,1.14527,1.14465,1.14496,67
2025-04-21,02:00:00,1.145,1.14558,1.14497,1.14544,136
2025-04-21,02:01:00,1.14545,1.14596,1.14545,1.14586,116
2025-04-21,02:02:00,1.14589,1.1459,1.14558,1.1457,106
2025-04-21,02:03:00,1.14566,1.14584,1.14566,1.14577,79
2025-04-21,02:04:00,1.14578,1.14594,1.14563,1.14593,76
2025-04-21,02:05:00,1.14595,1.146,1.14569,1.14577,80
2025-04-21,02:06:00,1.14568,1.14641,1.14557,1.14641,97
2025-04-21,02:07:00,1.1464,1.14666,1.14638,1.14661,104
2025-04-21,02:08:00,1.14658,1.14702,1.1465,1.14695,126
2025-04-21,02:09:00,1.14696,1.14703,1.14684,1.14692,114
2025-04-21,02:10:00,1.14694,1.14749,1.1469,1.14743,111
2025-04-21,02:11:00,1.14745,1.14766,1.14734,1.14745,128
2025-04-21,02:12:00,1.14744,1.14768,1.14708,1.14713,101
2025-04-21,02:13:00,1.14712,1.14754,1.14672,1.14737,177
2025-04-21,02:14:00,1.14738,1.14738,1.14679,1.14705,109
2025-04-21,02:15:00,1.14704,1.14711,1.14673,1.14694,134
2025-04-21,02:16:00,1.14695,1.14745,1.14679,1.14716,133
2025-04-21,02:17:00,1.14724,1.14736,1.14693,1.14693,94
2025-04-21,02:18:00,1.14694,1.14716,1.14687,1.14705,58
2025-04-21,02:19:00,1.14718,1.14768,1.14708,1.14752,106
2025-04-21,02:20:00,1.14753,1.14755,1.14713,1.14728,120
2025-04-21,02:21:00,1.14726,1.14734,1.14698,1.14709,137
2025-04-21,02:22:00,1.14708,1.14719,1.14694,1.14706,85
2025-04-21,02:23:00,1.14707,1.14719,1.14657,1.14668,115
2025-04-21,02:24:00,1.14666,1.1468,1.14656,1.14678,106
2025-04-21,02:25:00,1.14686,1.14711,1.14682,1.14698,82
2025-04-21,02:26:00,1.14692,1.14713,1.14673,1.14704,73
2025-04-21,02:27:00,1.14701,1.14729,1.14701,1.14718,51
2025-04-21,02:28:00,1.14727,1.1476,1.14695,1.14759,74
2025-04-21,02:29:00,1.14756,1.14767,1.14728,1.14732,75
2025-04-21,02:30:00,1.14731,1.14765,1.14725,1.14759,105
2025-04-21,02:31:00,1.14765,1.14793,1.14747,1.14769,171
2025-04-21,02:32:00,1.1477,1.14774,1.14744,1.14744,60
2025-04-21,02:33:00,1.14741,1.14789,1.14741,1.14789,58
2025-04-21,02:34:00,1.14788,1.14834,1.1478,1.14798,131
2025-04-21,02:35:00,1.14796,1.1487,1.14791,1.14868,81
2025-04-21,02:36:00,1.14866,1.14866,1.14815,1.14816,75
2025-04-21,02:37:00,1.14815,1.14815,1.14757,1.14771,105
2025-04-21,02:38:00,1.14769,1.1478,1.14764,1.14769,72
2025-04-21,02:39:00,1.14767,1.14768,1.1472,1.1473,96
2025-04-21,02:40:00,1.14728,1.14737,1.14719,1.14736,67
2025-04-21,02:41:00,1.14737,1.14749,1.14733,1.14742,48
2025-04-21,02:42:00,1.14747,1.14747,1.14724,1.1474,39
2025-04-21,02:43:00,1.14735,1.14736,1.14688,1.14688,86
2025-04-21,02:44:00,1.14692,1.14695,1.14624,1.14626,104
2025-04-21,02:45:00,1.14624,1.14658,1.14624,1.14636,83
2025-04-21,02:46:00,1.14625,1.14645,1.146,1.14601,99
2025-04-21,02:47:00,1.146,1.14612,1.14583,1.14593,108
2025-04-21,02:48:00,1.14592,1.14647,1.14592,1.14627,78
2025-04-21,02:49:00,1.14642,1.14646,1.14626,1.14637,65
2025-04-21,02:50:00,1.14638,1.1467,1.14634,1.14668,78
2025-04-21,02:51:00,1.14667,1.14674,1.14647,1.14659,58
2025-04-21,02:52:00,1.1466,1.14669,1.14644,1.14658,43
2025-04-21,02:53:00,1.14672,1.14675,1.14654,1.14657,46
2025-04-21,02:54:00,1.14656,1.14684,1.14637,1.1468,71
2025-04-21,02:55:00,1.14682,1.14687,1.14658,1.14674,71
2025-04-21,02:56:00,1.14677,1.14693,1.14658,1.14665,49
2025-04-21,02:57:00,1.14664,1.14665,1.14634,1.14647,67
2025-04-21,02:58:00,1.14648,1.14672,1.14648,1.1466,57
2025-04-21,02:59:00,1.14659,1.14671,1.14646,1.14668,52
2025-04-21,03:00:00,1.14673,1.1474,1.14673,1.1474,91
2025-04-21,03:01:00,1.14739,1.14739,1.14716,1.14734,54
2025-04-21,03:02:00,1.1474,1.14743,1.14693,1.14706,49
2025-04-21,03:03:00,1.14702,1.14728,1.14702,1.14727,34
2025-04-21,03:04:00,1.14726,1.14747,1.14725,1.14726,62
2025-04-21,03:05:00,1.14727,1.14739,1.14701,1.14738,71
2025-04-21,03:06:00,1.14739,1.14774,1.14738,1.14768,71
2025-04-21,03:07:00,1.14773,1.14791,1.14764,1.14785,65
2025-04-21,03:08:00,1.14787,1.14787,1.14722,1.14732,66
2025-04-21,03:09:00,1.14735,1.14747,1.14702,1.14738,59
2025-04-21,03:10:00,1.14739,1.14761,1.14738,1.14754,69
2025-04-21,03:11:00,1.14753,1.14759,1.14738,1.14743,79
2025-04-21,03:12:00,1.14742,1.14746,1.14731,1.14732,47
2025-04-21,03:13:00,1.14731,1.14749,1.14717,1.14737,81
2025-04-21,03:14:00,1.14736,1.14739,1.14723,1.14732,58
2025-04-21,03:15:00,1.14733,1.14758,1.14722,1.14724,70
2025-04-21,03:16:00,1.14725,1.14743,1.14716,1.14741,34
2025-04-21,03:17:00,1.14743,1.14743,1.14727,1.14737,58
2025-04-21,03:18:00,1.14738,1.14756,1.14733,1.14749,59
2025-04-21,03:19:00,1.14754,1.14766,1.14745,1.14753,62
2025-04-21,03:20:00,1.14751,1.14763,1.14744,1.14763,52
2025-04-21,03:21:00,1.14764,1.14767,1.14733,1.14762,58
2025-04-21,03:22:00,1.14764,1.14768,1.14748,1.14764,54
2025-04-21,03:23:00,1.1476,1.14787,1.1476,1.14778,53
2025-04-21,03:24:00,1.1478,1.14787,1.14765,1.14765,39
2025-04-21,03:25:00,1.14763,1.14788,1.14763,1.14784,64
2025-04-21,03:26:00,1.14782,1.1479,1.14764,1.14776,56
2025-04-21,03:27:00,1.14777,1.14786,1.14766,1.1477,52
2025-04-21,03:28:00,1.14775,1.14787,1.14764,1.1478,53
2025-04-21,03:29:00,1.14781,1.14791,1.14777,1.14787,83
2025-04-21,03:30:00,1.14786,1.14795,1.14767,1.14771,66
2025-04-21,03:31:00,1.14772,1.14778,1.14738,1.14756,72
2025-04-21,03:32:00,1.14755,1.14755,1.14736,1.14738,53
2025-04-21,03:33:00,1.14739,1.14743,1.14725,1.14732,76
2025-04-21,03:34:00,1.14729,1.14742,1.14729,1.14735,44
2025-04-21,03:35:00,1.1473,1.1473,1.14693,1.14696,74
2025-04-21,03:36:00,1.14699,1.14709,1.14678,1.14678,71
2025-04-21,03:37:00,1.14672,1.14695,1.14656,1.14693,89
2025-04-21,03:38:00,1.14698,1.14715,1.14687,1.14689,59
2025-04-21,03:39:00,1.14692,1.14708,1.14692,1.14696,54
2025-04-21,03:40:00,1.14695,1.14696,1.14669,1.14689,53
2025-04-21,03:41:00,1.14691,1.14691,1.14672,1.14673,60
2025-04-21,03:42:00,1.14676,1.14679,1.14665,1.14672,60
2025-04-21,03:43:00,1.14671,1.14691,1.14661,1.1469,68
2025-04-21,03:44:00,1.14688,1.14699,1.14681,1.14685,44
2025-04-21,03:45:00,1.14686,1.14694,1.14684,1.14693,34
2025-04-21,03:46:00,1.14694,1.14703,1.14691,1.14694,42
2025-04-21,03:47:00,1.14693,1.14695,1.14672,1.14677,39
2025-04-21,03:48:00,1.14676,1.14691,1.14676,1.1469,21
2025-04-21,03:49:00,1.14689,1.14738,1.14686,1.14738,50
2025-04-21,03:50:00,1.14735,1.14742,1.14728,1.14734,41
2025-04-21,03:51:00,1.14727,1.14767,1.14726,1.14757,64
2025-04-21,03:52:00,1.14758,1.14787,1.14757,1.14769,105
2025-04-21,03:53:00,1.1477,1.14771,1.14764,1.1477,35
2025-04-21,03:54:00,1.14771,1.14773,1.14765,1.14768,35
2025-04-21,03:55:00,1.14769,1.14779,1.14762,1.14777,36
2025-04-21,03:56:00,1.14779,1.14785,1.14761,1.14766,40
2025-04-21,03:57:00,1.14763,1.14768,1.14753,1.14761,48
2025-04-21,03:58:00,1.1476,1.14768,1.14749,1.14752,43
2025-04-21,03:59:00,1.14751,1.14778,1.1475,1.14773,63
2025-04-21,04:00:00,1.14772,1.14788,1.14765,1.14772,58
2025-04-21,04:01:00,1.14773,1.14787,1.14772,1.14773,46
2025-04-21,04:02:00,1.14774,1.14775,1.14751,1.14757,47
2025-04-21,04:03:00,1.14758,1.14764,1.14733,1.14733,40
2025-04-21,04:04:00,1.14737,1.1474,1.14728,1.14731,32
2025-04-21,04:05:00,1.1473,1.1475,1.14725,1.14735,35
2025-04-21,04:06:00,1.14737,1.14746,1.14725,1.14738,43
2025-04-21,04:07:00,1.1474,1.14754,1.14736,1.14743,35
2025-04-21,04:08:00,1.14744,1.14749,1.14728,1.14746,36
2025-04-21,04:09:00,1.14745,1.14757,1.14745,1.14748,19
2025-04-21,04:10:00,1.14749,1.14758,1.14747,1.14758,13
2025-04-21,04:11:00,1.14755,1.14771,1.14755,1.14769,27
2025-04-21,04:12:00,1.1477,1.14788,1.14769,1.14784,58
2025-04-21,04:13:00,1.14781,1.14787,1.14766,1.14787,29
2025-04-21,04:14:00,1.14786,1.14789,1.14777,1.14788,43
2025-04-21,04:15:00,1.14787,1.14788,1.14781,1.14782,34
2025-04-21,04:16:00,1.14778,1.14788,1.14777,1.14788,20
2025-04-21,04:17:00,1.14795,1.14871,1.14792,1.1485,137
2025-04-21,04:18:00,1.14849,1.14889,1.14829,1.14854,94
2025-04-21,04:19:00,1.14853,1.14883,1.1485,1.14874,65
2025-04-21,04:20:00,1.14872,1.14882,1.14858,1.14878,66
2025-04-21,04:21:00,1.14876,1.14883,1.14861,1.14866,55
2025-04-21,04:22:00,1.14867,1.14894,1.14865,1.14874,62
2025-04-21,04:23:00,1.14872,1.14886,1.14864,1.14867,50
2025-04-21,04:24:00,1.1486,1.14862,1.14837,1.14846,53
2025-04-21,04:25:00,1.14842,1.14883,1.14842,1.14864,69
2025-04-21,04:26:00,1.14863,1.14886,1.14863,1.14873,42
2025-04-21,04:27:00,1.14882,1.15022,1.14882,1.15022,101
2025-04-21,04:28:00,1.15021,1.15336,1.15005,1.15127,422
2025-04-21,04:29:00,1.15125,1.1514,1.151,1.15136,245
2025-04-21,04:30:00,1.15138,1.1516,1.15073,1.15089,230
2025-04-21,04:31:00,1.15091,1.15107,1.15029,1.15033,228
2025-04-21,04:32:00,1.15025,1.15113,1.15019,1.15101,194
2025-04-21,04:33:00,1.15102,1.15122,1.15071,1.15079,155
2025-04-21,04:34:00,1.1508,1.1516,1.15074,1.15157,190
2025-04-21,04:35:00,1.15153,1.15183,1.15111,1.15111,146
2025-04-21,04:36:00,1.15112,1.15193,1.15111,1.15168,144
2025-04-21,04:37:00,1.15169,1.1519,1.15152,1.15162,148
2025-04-21,04:38:00,1.15161,1.15192,1.15142,1.15184,108
2025-04-21,04:39:00,1.15176,1.1518,1.15153,1.1517,132
2025-04-21,04:40:00,1.15167,1.15179,1.15121,1.15145,137
2025-04-21,04:41:00,1.15146,1.15183,1.15146,1.15173,105
2025-04-21,04:42:00,1.15172,1.15185,1.15163,1.15174,95
2025-04-21,04:43:00,1.15167,1.15167,1.15108,1.15124,127
2025-04-21,04:44:00,1.15128,1.15128,1.15092,1.15101,107
2025-04-21,04:45:00,1.15103,1.15107,1.15075,1.15089,136
2025-04-21,04:46:00,1.1509,1.15105,1.15085,1.15092,88
2025-04-21,04:47:00,1.15093,1.15109,1.15052,1.15057,120
2025-04-21,04:48:00,1.15058,1.1508,1.15048,1.15076,92
2025-04-21,04:49:00,1.15078,1.15081,1.15046,1.15051,65
2025-04-21,04:50:00,1.15054,1.15054,1.15035,1.15037,64
2025-04-21,04:51:00,1.15036,1.15069,1.15032,1.15042,84
2025-04-21,04:52:00,1.15041,1.15053,1.15037,1.1504,46
2025-04-21,04:53:00,1.15039,1.15057,1.15036,1.15037,59
2025-04-21,04:54:00,1.15038,1.15044,1.15035,1.1504,40
2025-04-21,04:55:00,1.15041,1.1508,1.15036,1.15079,60
2025-04-21,04:56:00,1.15077,1.1511,1.15067,1.15083,55
2025-04-21,04:57:00,1.15085,1.15091,1.15059,1.15079,53
2025-04-21,04:58:00,1.15077,1.15095,1.15049,1.15049,71
2025-04-21,04:59:00,1.15047,1.15061,1.1504,1.15052,58
2025-04-21,05:00:00,1.15055,1.15079,1.15055,1.1507,87
2025-04-21,05:01:00,1.15071,1.15092,1.15062,1.15081,57
2025-04-21,05:02:00,1.15076,1.1508,1.15066,1.15075,48
2025-04-21,05:03:00,1.15077,1.15089,1.15072,1.15077,26
2025-04-21,05:04:00,1.15076,1.15111,1.15076,1.15079,45
2025-04-21,05:05:00,1.15085,1.15096,1.15077,1.15094,37
2025-04-21,05:06:00,1.15093,1.15121,1.15093,1.15121,41
2025-04-21,05:07:00,1.15116,1.15127,1.15116,1.15122,20
2025-04-21,05:08:00,1.15123,1.15124,1.15089,1.15096,36
2025-04-21,05:09:00,1.15093,1.15125,1.15092,1.15124,38
2025-04-21,05:10:00,1.15125,1.15132,1.15113,1.15114,33
2025-04-21,05:11:00,1.15111,1.15143,1.151,1.15134,67
2025-04-21,05:12:00,1.15143,1.15143,1.15114,1.15119,45
2025-04-21,05:13:00,1.15117,1.15122,1.1508,1.15082,48
2025-04-21,05:14:00,1.15081,1.15085,1.15073,1.15079,29
2025-04-21,05:15:00,1.15089,1.15089,1.15075,1.15085,33
2025-04-21,05:16:00,1.15086,1.15098,1.15075,1.15096,32
2025-04-21,05:17:00,1.151,1.15118,1.15097,1.15114,42
2025-04-21,05:18:00,1.15113,1.1514,1.1511,1.1512,44
2025-04-21,05:19:00,1.15122,1.15122,1.15102,1.15111,29
2025-04-21,05:20:00,1.1511,1.15111,1.15096,1.15109,20
2025-04-21,05:21:00,1.15112,1.15112,1.15082,1.15089,36
2025-04-21,05:22:00,1.15088,1.15099,1.15084,1.15098,32
2025-04-21,05:23:00,1.15093,1.15101,1.15087,1.1509,27
2025-04-21,05:24:00,1.15091,1.15112,1.15081,1.15091,39
2025-04-21,05:25:00,1.15093,1.15128,1.15092,1.15127,35
2025-04-21,05:26:00,1.15128,1.15139,1.15127,1.15137,43
2025-04-21,05:27:00,1.15138,1.1516,1.15138,1.15143,60
2025-04-21,05:28:00,1.15131,1.15131,1.15107,1.15112,45
2025-04-21,05:29:00,1.15113,1.15118,1.15104,1.15111,32
2025-04-21,05:30:00,1.15113,1.15118,1.15104,1.15118,15
2025-04-21,05:31:00,1.15119,1.15136,1.15117,1.15136,12
2025-04-21,05:32:00,1.1514,1.15145,1.15127,1.15127,30
2025-04-21,05:33:00,1.15126,1.15138,1.15123,1.15135,33
2025-04-21,05:34:00,1.15139,1.15167,1.15139,1.15165,31
2025-04-21,05:35:00,1.15164,1.15175,1.15162,1.15172,21
2025-04-21,05:36:00,1.15154,1.15164,1.15144,1.15155,25
2025-04-21,05:37:00,1.15157,1.15157,1.15143,1.15155,40
2025-04-21,05:38:00,1.15154,1.1516,1.15147,1.15159,25
2025-04-21,05:39:00,1.1516,1.15164,1.15137,1.15138,32
2025-04-21,05:40:00,1.15137,1.15146,1.15126,1.15142,42
2025-04-21,05:41:00,1.15139,1.15204,1.15132,1.15197,58
2025-04-21,05:42:00,1.15198,1.15257,1.15197,1.15228,137
2025-04-21,05:43:00,1.15227,1.15227,1.15198,1.15214,65
2025-04-21,05:44:00,1.15215,1.15216,1.1519,1.15198,32
2025-04-21,05:45:00,1.15199,1.15202,1.15193,1.15193,26
2025-04-21,05:46:00,1.15195,1.15196,1.15171,1.15172,32
2025-04-21,05:47:00,1.15173,1.15194,1.15173,1.15182,37
2025-04-21,05:48:00,1.15179,1.15192,1.15165,1.15166,61
2025-04-21,05:49:00,1.15167,1.15171,1.15159,1.15168,36
2025-04-21,05:50:00,1.1517,1.1517,1.15135,1.15137,66
2025-04-21,05:51:00,1.15142,1.15152,1.15139,1.15152,27
2025-04-21,05:52:00,1.15149,1.15149,1.15134,1.15139,30
2025-04-21,05:53:00,1.15138,1.15142,1.15129,1.15129,28
2025-04-21,05:54:00,1.1513,1.15135,1.15129,1.15133,10
2025-04-21,05:55:00,1.15128,1.15155,1.15128,1.15149,47
2025-04-21,05:56:00,1.15155,1.15176,1.15151,1.15163,51
2025-04-21,05:57:00,1.15164,1.15182,1.15159,1.15164,40
2025-04-21,05:58:00,1.15163,1.15186,1.15154,1.15185,41
2025-04-21,05:59:00,1.15187,1.15188,1.15156,1.15158,41
2025-04-21,06:00:00,1.15156,1.15157,1.15107,1.15118,82
2025-04-21,06:01:00,1.15119,1.1513,1.15102,1.15106,47
2025-04-21,06:02:00,1.15097,1.15111,1.15095,1.15101,58
2025-04-21,06:03:00,1.15102,1.15106,1.15079,1.15085,67
2025-04-21,06:04:00,1.15084,1.15098,1.15076,1.15078,46
2025-04-21,06:05:00,1.15079,1.15085,1.15076,1.15084,34
2025-04-21,06:06:00,1.15083,1.15083,1.1505,1.15064,44
2025-04-21,06:07:00,1.15065,1.15065,1.14998,1.14999,76
2025-04-21,06:08:00,1.15,1.15052,1.15,1.15043,64
2025-04-21,06:09:00,1.15047,1.15079,1.15044,1.15075,50
2025-04-21,06:10:00,1.15066,1.15066,1.15047,1.15053,46
2025-04-21,06:11:00,1.15059,1.15064,1.15045,1.15053,39
2025-04-21,06:12:00,1.15052,1.15061,1.15029,1.15034,39
2025-04-21,06:13:00,1.15033,1.15039,1.15025,1.15027,30
2025-04-21,06:14:00,1.15028,1.15046,1.15026,1.15044,26
2025-04-21,06:15:00,1.15045,1.15057,1.15038,1.15047,65
2025-04-21,06:16:00,1.15048,1.15102,1.15042,1.15083,61
2025-04-21,06:17:00,1.15084,1.15112,1.15084,1.15103,53
2025-04-21,06:18:00,1.15104,1.1511,1.1509,1.1509,32
2025-04-21,06:19:00,1.15093,1.15099,1.15087,1.15088,20
2025-04-21,06:20:00,1.15085,1.15102,1.15079,1.15102,29
2025-04-21,06:21:00,1.15107,1.15112,1.15091,1.15091,27
2025-04-21,06:22:00,1.15089,1.15095,1.15082,1.15086,28
2025-04-21,06:23:00,1.15085,1.15097,1.15079,1.15093,25
2025-04-21,06:24:00,1.15094,1.15104,1.15083,1.15103,41
2025-04-21,06:25:00,1.15104,1.15117,1.15103,1.15112,34
2025-04-21,06:26:00,1.15111,1.15118,1.15106,1.15112,21
2025-04-21,06:27:00,1.15109,1.1511,1.15088,1.15099,36
2025-04-21,06:28:00,1.15098,1.15114,1.15098,1.15111,28
2025-04-21,06:29:00,1.15112,1.15118,1.15102,1.15118,27
2025-04-21,06:30:00,1.15123,1.15139,1.15123,1.15138,36
2025-04-21,06:31:00,1.15137,1.15137,1.15108,1.15108,24
2025-04-21,06:32:00,1.15114,1.15118,1.15108,1.15118,30
2025-04-21,06:33:00,1.15119,1.15128,1.15117,1.15117,32
2025-04-21,06:34:00,1.15118,1.15127,1.15116,1.15123,23
2025-04-21,06:35:00,1.15126,1.15126,1.15115,1.15117,17
2025-04-21,06:36:00,1.15113,1.15124,1.15109,1.15109,18
2025-04-21,06:37:00,1.1511,1.15117,1.15107,1.15109,17
2025-04-21,06:38:00,1.1511,1.15136,1.1511,1.15136,23
2025-04-21,06:39:00,1.15135,1.15138,1.15134,1.15134,17
2025-04-21,06:40:00,1.15133,1.15137,1.15098,1.15102,32
2025-04-21,06:41:00,1.15103,1.15106,1.15099,1.15099,11
2025-04-21,06:42:00,1.15102,1.15122,1.15102,1.15118,40
2025-04-21,06:43:00,1.15117,1.15118,1.15087,1.15088,24
2025-04-21,06:44:00,1.15089,1.15097,1.15076,1.15094,23
2025-04-21,06:45:00,1.15095,1.15095,1.15086,1.15089,20
2025-04-21,06:46:00,1.1509,1.15105,1.1509,1.15101,22
2025-04-21,06:47:00,1.15102,1.15109,1.15097,1.15101,20
2025-04-21,06:48:00,1.15105,1.15109,1.15097,1.15108,13
2025-04-21,06:49:00,1.15109,1.15115,1.15107,1.15111,16
2025-04-21,06:50:00,1.15112,1.15118,1.15112,1.15118,8
2025-04-21,06:51:00,1.15128,1.15135,1.15119,1.15123,21
2025-04-21,06:52:00,1.15121,1.15135,1.15121,1.15127,23
2025-04-21,06:53:00,1.15128,1.15153,1.15128,1.15147,25
2025-04-21,06:54:00,1.15146,1.1515,1.15137,1.15138,19
2025-04-21,06:55:00,1.15137,1.15139,1.15135,1.15135,12
2025-04-21,06:56:00,1.1514,1.1514,1.15134,1.15139,6
2025-04-21,06:57:00,1.15138,1.15152,1.15138,1.15148,22
2025-04-21,06:58:00,1.15147,1.15158,1.15145,1.15158,22
2025-04-21,06:59:00,1.15155,1.1518,1.15154,1.1518,24
2025-04-21,07:00:00,1.15179,1.15195,1.15166,1.15188,42
2025-04-21,07:01:00,1.15189,1.152,1.15169,1.15172,25
2025-04-21,07:02:00,1.15171,1.15179,1.15167,1.15169,34
2025-04-21,07:03:00,1.15175,1.15175,1.15155,1.15155,24
2025-04-21,07:04:00,1.15158,1.15169,1.15157,1.15169,16
2025-04-21,07:05:00,1.15164,1.15168,1.15155,1.15164,26
2025-04-21,07:06:00,1.1516,1.15202,1.1516,1.15197,43
2025-04-21,07:07:00,1.15196,1.15208,1.15192,1.15208,38
2025-04-21,07:08:00,1.15198,1.15232,1.15193,1.15228,60
2025-04-21,07:09:00,1.15229,1.15229,1.15211,1.15227,48
2025-04-21,07:10:00,1.15225,1.15251,1.15225,1.15237,88
2025-04-21,07:11:00,1.15236,1.15242,1.15226,1.1524,44
2025-04-21,07:12:00,1.15241,1.15257,1.15233,1.15255,58
2025-04-21,07:13:00,1.15244,1.15257,1.15231,1.15233,46
2025-04-21,07:14:00,1.15232,1.15243,1.15227,1.15237,45
2025-04-21,07:15:00,1.15238,1.15247,1.15229,1.15243,53
2025-04-21,07:16:00,1.15244,1.15258,1.15242,1.15254,27
2025-04-21,07:17:00,1.15255,1.15258,1.15248,1.15251,57
2025-04-21,07:18:00,1.15252,1.15257,1.15221,1.15226,67
2025-04-21,07:19:00,1.15227,1.15245,1.15222,1.15244,66
2025-04-21,07:20:00,1.15241,1.15248,1.15234,1.15248,19
2025-04-21,07:21:00,1.15247,1.15252,1.15245,1.15248,36
2025-04-21,07:22:00,1.15249,1.15256,1.15245,1.15253,20
2025-04-21,07:23:00,1.15252,1.15254,1.1524,1.15243,22
2025-04-21,07:24:00,1.15242,1.15244,1.15235,1.15241,24
2025-04-21,07:25:00,1.15243,1.15253,1.15239,1.15252,33
2025-04-21,07:26:00,1.15253,1.15255,1.15243,1.1525,19
2025-04-21,07:27:00,1.15249,1.15253,1.15244,1.15251,24
2025-04-21,07:28:00,1.1525,1.15258,1.15248,1.15249,21
2025-04-21,07:29:00,1.1525,1.15255,1.15243,1.15252,36
2025-04-21,07:30:00,1.15251,1.1529,1.1525,1.15288,61
2025-04-21,07:31:00,1.1529,1.15328,1.1529,1.15324,100
2025-04-21,07:32:00,1.15323,1.15348,1.1532,1.15343,73
2025-04-21,07:33:00,1.15342,1.1535,1.15331,1.15331,62
2025-04-21,07:34:00,1.15329,1.15347,1.15329,1.15344,48
2025-04-21,07:35:00,1.15345,1.15345,1.1532,1.15328,40
2025-04-21,07:36:00,1.15325,1.15333,1.15301,1.15314,42
2025-04-21,07:37:00,1.15308,1.15332,1.15308,1.15308,65
2025-04-21,07:38:00,1.15313,1.15332,1.15312,1.1532,37
2025-04-21,07:39:00,1.15322,1.15323,1.15304,1.1531,41
2025-04-21,07:40:00,1.15309,1.15345,1.15307,1.15338,60
2025-04-21,07:41:00,1.15337,1.15347,1.15337,1.15345,41
2025-04-21,07:42:00,1.15344,1.15347,1.15319,1.15345,64
2025-04-21,07:43:00,1.15346,1.15346,1.15321,1.15328,60
2025-04-21,07:44:00,1.1533,1.1535,1.1533,1.1534,40
2025-04-21,07:45:00,1.15345,1.1535,1.15337,1.15342,78
2025-04-21,07:46:00,1.15341,1.15342,1.15319,1.15331,39
2025-04-21,07:47:00,1.1533,1.1535,1.15323,1.15341,56
2025-04-21,07:48:00,1.15344,1.15347,1.15332,1.15344,48
2025-04-21,07:49:00,1.15338,1.15349,1.15329,1.15343,54
2025-04-21,07:50:00,1.15342,1.15347,1.15333,1.15346,49
2025-04-21,07:51:00,1.15345,1.15347,1.15301,1.15303,91
2025-04-21,07:52:00,1.15302,1.15305,1.15271,1.15287,104
2025-04-21,07:53:00,1.15283,1.15286,1.15252,1.15254,77
2025-04-21,07:54:00,1.15257,1.1529,1.1525,1.15284,64
2025-04-21,07:55:00,1.15285,1.15314,1.15285,1.15306,71
2025-04-21,07:56:00,1.15307,1.15311,1.15259,1.15273,77
2025-04-21,07:57:00,1.15274,1.15301,1.15273,1.15301,57
2025-04-21,07:58:00,1.15302,1.1535,1.15289,1.1533,108
2025-04-21,07:59:00,1.15329,1.15347,1.15318,1.15318,61
2025-04-21,08:00:00,1.15316,1.15316,1.15259,1.15275,129
2025-04-21,08:01:00,1.15276,1.15294,1.15255,1.15283,88
2025-04-21,08:02:00,1.15284,1.15285,1.15262,1.15281,73
2025-04-21,08:03:00,1.15279,1.15338,1.15277,1.15334,136
2025-04-21,08:04:00,1.15332,1.15351,1.15323,1.15325,105
2025-04-21,08:05:00,1.15326,1.15338,1.15297,1.15299,65
2025-04-21,08:06:00,1.15298,1.15312,1.15288,1.15303,36
2025-04-21,08:07:00,1.15304,1.15308,1.15287,1.15298,46
2025-04-21,08:08:00,1.15294,1.15305,1.15265,1.15274,68
2025-04-21,08:09:00,1.15273,1.15301,1.1527,1.153,80
2025-04-21,08:10:00,1.15301,1.15307,1.15274,1.1528,45
2025-04-21,08:11:00,1.15282,1.15295,1.15216,1.15227,83
2025-04-21,08:12:00,1.15229,1.15246,1.15186,1.15206,103
2025-04-21,08:13:00,1.15205,1.15205,1.1517,1.15172,81
2025-04-21,08:14:00,1.1517,1.15172,1.15156,1.15171,53
2025-04-21,08:15:00,1.1517,1.1519,1.15159,1.15186,68
2025-04-21,08:16:00,1.15185,1.15199,1.15184,1.15192,33
2025-04-21,08:17:00,1.15191,1.152,1.15178,1.15199,43
2025-04-21,08:18:00,1.15196,1.15196,1.15134,1.15154,77
2025-04-21,08:19:00,1.15152,1.15169,1.15138,1.15167,49
2025-04-21,08:20:00,1.15168,1.15187,1.15167,1.15177,45
2025-04-21,08:21:00,1.15176,1.15177,1.15135,1.15138,41
2025-04-21,08:22:00,1.15139,1.15149,1.15112,1.15122,82
2025-04-21,08:23:00,1.15123,1.1513,1.15114,1.15126,72
2025-04-21,08:24:00,1.15125,1.15125,1.15104,1.1511,63
2025-04-21,08:25:00,1.15112,1.15115,1.15095,1.15115,54
2025-04-21,08:26:00,1.15116,1.15128,1.15113,1.15125,46
2025-04-21,08:27:00,1.15127,1.1514,1.15118,1.15121,50
2025-04-21,08:28:00,1.1512,1.1512,1.15079,1.15085,60
2025-04-21,08:29:00,1.15086,1.15089,1.15069,1.15087,48
2025-04-21,08:30:00,1.15088,1.15097,1.15082,1.15082,49
2025-04-21,08:31:00,1.15084,1.15098,1.15071,1.15097,53
2025-04-21,08:32:00,1.15096,1.15101,1.15067,1.15084,53
2025-04-21,08:33:00,1.15085,1.15104,1.15085,1.15088,31
2025-04-21,08:34:00,1.15089,1.15114,1.15088,1.15105,58
2025-04-21,08:35:00,1.15106,1.15127,1.15105,1.15112,51
2025-04-21,08:36:00,1.15113,1.1512,1.15079,1.15118,92
2025-04-21,08:37:00,1.15116,1.15134,1.15116,1.15134,52
2025-04-21,08:38:00,1.15135,1.15135,1.15123,1.15128,30
2025-04-21,08:39:00,1.1513,1.15151,1.15126,1.15138,41
2025-04-21,08:40:00,1.15148,1.15151,1.15128,1.1514,37
2025-04-21,08:41:00,1.15142,1.15146,1.15132,1.15135,38
2025-04-21,08:42:00,1.15136,1.15143,1.15121,1.15123,35
2025-04-21,08:43:00,1.15118,1.15146,1.15117,1.15129,49
2025-04-21,08:44:00,1.15134,1.15138,1.15114,1.15114,37
2025-04-21,08:45:00,1.15113,1.15141,1.15113,1.15138,39
2025-04-21,08:46:00,1.15135,1.15144,1.15124,1.15128,27
2025-04-21,08:47:00,1.15129,1.15129,1.15099,1.15118,44
2025-04-21,08:48:00,1.15124,1.15124,1.1508,1.15089,48
2025-04-21,08:49:00,1.15085,1.15085,1.15054,1.15064,65
2025-04-21,08:50:00,1.15078,1.1512,1.15078,1.15098,61
2025-04-21,08:51:00,1.15099,1.15102,1.15084,1.15091,35
2025-04-21,08:52:00,1.15092,1.15095,1.15084,1.15087,29
2025-04-21,08:53:00,1.15089,1.15112,1.15084,1.15099,53
2025-04-21,08:54:00,1.15101,1.15101,1.1507,1.15071,63
2025-04-21,08:55:00,1.15074,1.15092,1.15072,1.15084,45
2025-04-21,08:56:00,1.15085,1.15155,1.15084,1.15152,80
2025-04-21,08:57:00,1.15153,1.15157,1.15125,1.15139,77
2025-04-21,08:58:00,1.1514,1.15159,1.15139,1.15158,75
2025-04-21,08:59:00,1.15159,1.15179,1.1515,1.15161,85
2025-04-21,09:00:00,1.15157,1.15165,1.15102,1.15117,121
2025-04-21,09:01:00,1.15119,1.15172,1.15119,1.1517,105
2025-04-21,09:02:00,1.15172,1.15193,1.15172,1.15184,63
2025-04-21,09:03:00,1.15185,1.15193,1.15169,1.15175,77
2025-04-21,09:04:00,1.15177,1.15179,1.15138,1.15138,82
2025-04-21,09:05:00,1.15137,1.1514,1.1511,1.15112,96
2025-04-21,09:06:00,1.15109,1.1514,1.15109,1.15118,61
2025-04-21,09:07:00,1.15121,1.15148,1.1512,1.15124,57
2025-04-21,09:08:00,1.15118,1.15147,1.15104,1.15147,84
2025-04-21,09:09:00,1.15148,1.15166,1.15144,1.15165,58
2025-04-21,09:10:00,1.15171,1.15175,1.15134,1.15141,83
2025-04-21,09:11:00,1.15134,1.15155,1.15124,1.15147,81
2025-04-21,09:12:00,1.15151,1.15151,1.15134,1.1514,58
2025-04-21,09:13:00,1.15144,1.15175,1.15143,1.15171,49
2025-04-21,09:14:00,1.15172,1.15182,1.15172,1.15174,42
2025-04-21,09:15:00,1.15173,1.15176,1.15158,1.15169,39
2025-04-21,09:16:00,1.15172,1.15178,1.15158,1.15162,27
2025-04-21,09:17:00,1.15166,1.15177,1.1515,1.15165,78
2025-04-21,09:18:00,1.15166,1.15178,1.15163,1.1517,53
2025-04-21,09:19:00,1.15174,1.15184,1.15168,1.15172,60
2025-04-21,09:20:00,1.15173,1.15181,1.15161,1.15175,60
2025-04-21,09:21:00,1.15176,1.15249,1.15176,1.15227,102
2025-04-21,09:22:00,1.15228,1.15287,1.15224,1.15287,102
2025-04-21,09:23:00,1.15283,1.15293,1.15259,1.15292,109
2025-04-21,09:24:00,1.15294,1.15294,1.15247,1.15261,68
2025-04-21,09:25:00,1.15264,1.15264,1.15225,1.15243,75
2025-04-21,09:26:00,1.15241,1.15262,1.15238,1.15239,73
2025-04-21,09:27:00,1.15234,1.15245,1.15222,1.15244,57
2025-04-21,09:28:00,1.15246,1.15284,1.15246,1.15259,59
2025-04-21,09:29:00,1.15257,1.15292,1.15254,1.15292,90
2025-04-21,09:30:00,1.15291,1.15295,1.1528,1.1528,62
2025-04-21,09:31:00,1.15277,1.1535,1.15277,1.15339,75
2025-04-21,09:32:00,1.15333,1.15333,1.15299,1.15311,78
2025-04-21,09:33:00,1.15314,1.15347,1.15313,1.15344,78
2025-04-21,09:34:00,1.15349,1.15349,1.15297,1.15334,109
2025-04-21,09:35:00,1.15338,1.15342,1.15327,1.15338,66
2025-04-21,09:36:00,1.15334,1.15334,1.15314,1.15314,43
2025-04-21,09:37:00,1.15315,1.15333,1.15311,1.15329,35
2025-04-21,09:38:00,1.1533,1.15335,1.1532,1.15332,48
2025-04-21,09:39:00,1.15331,1.15347,1.15329,1.15333,41
2025-04-21,09:40:00,1.15326,1.15349,1.15319,1.15343,76
2025-04-21,09:41:00,1.15335,1.15348,1.15332,1.15342,29
2025-04-21,09:42:00,1.15343,1.15399,1.15342,1.15387,106
2025-04-21,09:43:00,1.15386,1.15394,1.15377,1.15387,91
2025-04-21,09:44:00,1.15386,1.15408,1.15382,1.15396,100
2025-04-21,09:45:00,1.15395,1.15409,1.15388,1.15395,67
2025-04-21,09:46:00,1.15393,1.15394,1.1535,1.15366,116
2025-04-21,09:47:00,1.15364,1.15403,1.15364,1.15402,57
2025-04-21,09:48:00,1.15403,1.15404,1.15383,1.15398,95
2025-04-21,09:49:00,1.15399,1.15406,1.1539,1.15394,69
